MSE,MAE,R2 Score
2.370428329429189,1.2699929545907416,0.9913727024732776
